contact_method,amount_lost,reports,average_loss_per_report
Online,112976223.68,29354,3848.750551
Phone call,52588038.0,26718,1968.26252
Email,43133532.87,63095,683.628384
In person,15216389.29,1772,8587.127139
Text message,12841150.61,21420,599.493493
Mail,2019338.42,1896,1065.051909
unspecified,94.74,12,7.895
